{
    "name":"servoynavigation",
    "displayName":"Servoy Navigation Component",
    "packageType": "Web-Component",
    "icon": "https://raw.githubusercontent.com/Servoy/servoy-navigation/master/servoy.png",
    "description": "A Servoy jQuery menu",
    "wikiUrl": "https://github.com/Servoy/servoy-navigation/wiki",
    "sourceUrl" : "https://github.com/Servoy/servoy-navigation",
    "releases" : [{"version":"1.0.0","url":"https://github.com/Servoy/servoy-navigation/releases/download/V1.0.0/servoy-navigation.zip"},{"version":"1.0.1","url":"https://github.com/Servoy/servoy-navigation/releases/download/v.1.0.1/servoy-navigation.zip"}]
}
